AP1,AP2,x,y,gamma1,gamma2
-33.0,-45.0,1.5,1.9
-33.0,-45.0,0.968197226524353,4.769775867462158
